Workbook

Sheet 안내
A1: 클래스 마스터 v2
A2: 주식회사 공공의주방 · ARCHIVEAT
A4: ■ 시트 구성 (회차ID로 연결)
A5: ① 회차 — 한 회차의 뼈대·모집·정산 (숫자·상태)
A6: ② 콘텐츠 — 채널로 나가는 긴 텍스트 (강의명·키트·강사 등)
A7: ③ 수강생 — 신청자 명단 (배송·개인정보)
A8: → 세 시트를 '회차ID'가 잇습니다. 같은 회차는 같은 ID를 쓰세요.
A10: ■ 자동계산 (파란 칸 — 손대지 마세요)
A11: · 신청인원 = 수강생 시트에서 그 회차ID 카운트
A12: · 개폐강 = 모집유형 A면 '확정', B면 신청≥최소 → 개강/미달
A14: ■ 코드값 규칙
A15: · 모집유형: A=사전확정(경기도지식 등) / B=모집확정(개별·갤러리아)
... A43: · 세금계산서 발행·원천세 신고는 추후 '정산 리포트'에서 관리(2단계)

Sheet 회차
A1: 회차ID | B1: 수업명 | C1: 발주처 | D1: 구분 | E1: 수업일 | F1: 시각 | G1: 장소/배송 | H1: 모집유형 | I1: 최소인원 | J1: 최대인원 | K1: 신청인원 | L1: 개폐강 | M1: 확정기준일 | N1: 환불마감일 | O1: 환불규칙출처 | P1: 판매가 | Q1: 부가세구분 | R1: 정산구조 | S1: 재료비(1인) | T1: 패킹비 | U1: 배송비 | V1: 강사비 | W1: 수익(1인) | X1: 수익률 | Y1: 선생님 | Z1: 선생님유형 | AA1: 선생님정산방식 | AB1: 정산율 | AC1: 선생님정산액 | AD1: 세금계산서발행처 | AE1: 지급주체 | AF1: 지급시기 | AG1: 정산예정일 | AH1: 수업상태 | AI1: 비고 | AJ1: 선생님은행 | AK1: 선생님계좌 | AL1: 입금상태 | AM1: 지급상태 | AN1: 패킹파일
A2: GS-2604 | B2: 냉이 꽃게탕 | C2: 경기도지식 | D2: 온라인 | E2: 2026-04-24 | F2: 16:00 | G2: 온라인 줌+배송 | H2: A | I2: 30 | J2: 30 | K2: =IF($A2="","",COUNTIF(수강생!$A:$A,$A2)) | L2: =IF($A2="","",IF($H2="A","확정",IF(K2>=I2,"확정","미달"))) | P2: 50000 | Q2: 포함 | R2: A | S2: 15539 | T2: 5000 | U2: 5000 | V2: 10000 | W2: 9916 | X2: 0.218 | Y2: 김은영 | Z2: 개인 | AA2: 인당1만 | AC2: 300000 | AD2: 휴넷 | AE2: 휴넷 | AF2: 익월 말일 | AG2: 2026-05-31 | AH2: 수업완료 | AI2: 2026.4.24(금) 16:00~17:30 · 경기도지식 온라인 · 정산완료 | AL2: 입금완료 | AM2: 지급완료
A3: GS-2607 | B3: 제철 복숭아로 만드는 복숭아청과 브리치즈 샐러드 | C3: 경기도지식 | D3: 온라인 | E3: 2026-07-24 | F3: 16:00 | G3: 온라인 줌+배송 | H3: A | I3: 30 | J3: 30 | K3: =IF($A3="","",COUNTIF(수강생!$A:$A,$A3)) | L3: =IF($A3="","",IF($H3="A","확정",IF(K3>=I3,"확정","미달"))) | P3: 50000 | Q3: 포함 | R3: A | S3: 10041 | T3: 5000 | U3: 5000 | V3: 10000 | W3: 15414 | X3: 0.339 | Y3: 이영미 | Z3: 개인 | AA3: 인당1만 | AC3: 300000 | AD3: 휴넷 | AE3: 휴넷 | AF3: 익월 말일 | AH3: 확정 | AI3: 경기도지식 온라인·7/24(금)16:00·재료비10,041(엑셀 검산완료)·판매가50,000(부가세포함)·수익률33.9% | 발주·패킹 31세트 = 수강생 30 + 선생님(이영미) 1 / 회차 최소·최대 30명은 수강생 기준 | AL3: 입금대기 | AM3: 지급대기 | AN3: class-pack-GS2607.html
K4: =IF($A4="","",COUNTIF(수강생!$A:$A,$A4)) | L4: =IF($A4="","",IF($H4="A","확정",IF(K4>=I4,"확정","미달")))
K5: =IF($A5="","",COUNTIF(수강생!$A:$A,$A5)) | L5: =IF($A5="","",IF($H5="A","확정",IF(K5>=I5,"확정","미달")))
K6: =IF($A6="","",COUNTIF(수강생!$A:$A,$A6)) | L6: =IF($A6="","",IF($H6="A","확정",IF(K6>=I6,"확정","미달")))
K7: =IF($A7="","",COUNTIF(수강생!$A:$A,$A7)) | L7: =IF($A7="","",IF($H7="A","확정",IF(K7>=I7,"확정","미달")))
K8: =IF($A8="","",COUNTIF(수강생!$A:$A,$A8)) | L8: =IF($A8="","",IF($H8="A","확정",IF(K8>=I8,"확정","미달")))
K9: =IF($A9="","",COUNTIF(수강생!$A:$A,$A9)) | L9: =IF($A9="","",IF($H9="A","확정",IF(K9>=I9,"확정","미달")))
K10: =IF($A10="","",COUNTIF(수강생!$A:$A,$A10)) | L10: =IF($A10="","",IF($H10="A","확정",IF(K10>=I10,"확정","미달")))
K11: =IF($A11="","",COUNTIF(수강생!$A:$A,$A11)) | L11: =IF($A11="","",IF($H11="A","확정",IF(K11>=I11,"확정","미달")))
K12: =IF($A12="","",COUNTIF(수강생!$A:$A,$A12)) | L12: =IF($A12="","",IF($H12="A","확정",IF(K12>=I12,"확정","미달")))
K13: =IF($A13="","",COUNTIF(수강생!$A:$A,$A13)) | L13: =IF($A13="","",IF($H13="A","확정",IF(K13>=I13,"확정","미달")))
K14: =IF($A14="","",COUNTIF(수강생!$A:$A,$A14)) | L14: =IF($A14="","",IF($H14="A","확정",IF(K14>=I14,"확정","미달")))
K15: =IF($A15="","",COUNTIF(수강생!$A:$A,$A15)) | L15: =IF($A15="","",IF($H15="A","확정",IF(K15>=I15,"확정","미달")))
... K60: =IF($A60="","",COUNTIF(수강생!$A:$A,$A60)) | L60: =IF($A60="","",IF($H60="A","확정",IF(K60>=I60,"확정","미달")))

Sheet 콘텐츠
A1: 회차ID | B1: 강의명 | C1: 소개문 | D1: 강의내용상세 | E1: 대상 | F1: 선발방식 | G1: 소요시간 | H1: 키트구성품 | I1: 개별준비물 | J1: 강사이력 | K1: 해시태그 | L1: 배송안내 | M1: 참여안내 | N1: 장소상세 | O1: 동반인규정 | P1: 재료구성 | Q1: 줌링크 | R1: 견적코드 | S1: 레시피
A2: GS-2604 | B2: 봄향기 가득, 시원하고 깊은 맛의 '냉이 꽃게탕' | C2: 봄 제철 식재료인 냉이를 활용해 집에서도 전문점처럼 깊은 국물 맛을 낼 수 있는 꽃게탕 조리법을 배우는 수업입니다. | D2: 봄 제철 식재료인 냉이를 활용해 집에서도 전문점처럼 깊은 국물 맛을 낼 수 있는 꽃게탕 조리법을 배우는 수업입니다. 손질된 절단 꽃게를 사용하여 비린내 없이 깔끔하고 시원한 국물을 만드는 핵심 포인트를 익히고, 된장과 고추장 베이스 육수의 균형 잡는 법을 배웁니다. 애호박, 두부, 대파, 청양고추 등을 더해 재료의 단맛과 감칠맛을 살리고 마지막에 냉이(또는 봄철 채소)를 넣어 향긋함을 완성합니다. 봄철 집밥 메뉴로 바로 활용할 수 있는 실전 요리 중심 클래스입니다. | E2: 성인 | F2: 선발 | G2: 약 1시간 30분 (16:00~17:30) | H2: - 절단 손질 꽃게 1마리 (약 300g) - 두부 - 애호박 - 청양고추 - 대파 - 냉이 - 꽃게탕 특제 양념장 (된장·고추장·고춧가루·맛술·마늘 배합) | I2: - 냄비 (중간 크기 이상) - 국자, 계량컵(또는 종이컵) - 도마, 칼, 키친타월, 비닐장갑, 앞치마 - 접시 (완성 후 담기용) | J2: 스타필드 고양점 출강 이마트 컬처클럽(청계천/의정부/남양주/포천/양주/월계점) 출강 전) 현대백화점 천호점 출강 전) 현대스페이스원 더 테라스 출강 | L2: 키트 배송 시 신선식품이 있어 새벽배송 가능 지역으로 발송됩니다. 선발 후 주소 기입 시 공동현관 비밀번호도 작성해 주시면 좋습니다. | M2: 본 수업은 성인 대상 수업입니다. 재료는 신선 식재료이므로 수령 후 냉장 보관해 주세요. 냉이는 제철 수급 상황에 따라 봄 채소로 대체 제공될 수 있습니다. [GSEEK 화상학습 참여] 로그인 > 마이페이지 > 화상학습현황 > 학습중 > 해당 강좌 확인 후 "입장" 버튼 학습 시작 2~3일 전 화상학습 참여방법을 문자로 안내드립니다. | P2: · 꽃게 300g — 1인 8,380원 · 두부 — 1인 2,280원 · 애호박 — 1인 1,256원 · 청양고추 — 1인 225원 · 대파 — 1인 102원 · 냉이 — 1인 1,606원 · 된장 — 1인 461원 · 고추장 — 1인 185원 · 고춧가루 — 1인 497원 · 맛술 — 1인 96원 · 마늘 — 1인 451원 합계(1인) 15,539원 | R2: QDATA:eyJtb2RlIjogIm9ubGluZSIsICJ2YXQiOiAiaW5jbCIsICJ0aXRsZSI6ICLrg4nsnbQg6r2D6rKM7YOVIiwgIm9yZGVyZXIiOiAi6rK96riw64+E7KeA7IudIiwgInByaWNlIjogIjUwMDAwIiwgInBheCI6ICIzMSIsICJwYWNrIjogIjUwMDAiLCAic2hpcCI6ICI1MDAwIiwgInRlYWNoIjogIjEwMDAwIiwgImZlZVJhdGUiOiAiMjAiLCAicm93cyI6IFt7Imd1IjogIuq1rOyEse2SiCIsICJubSI6ICLqvYPqsowiLCAiYmEiOiAiMzAwZyIsICJsayI6ICIiLCAidjEiOiAiMzAwIiwgInUxIjogImciLCAicHYiOiAiMzAwIiwgInB1IjogImciLCAicG0iOiAiODM4MCIsICJvdSI6ICIzMSJ9LCB7Imd1IjogIuq1rOyEse2SiCIsICJubSI6ICLrkZDrtoAiLCAiYmEiOiAiMS8y66qoIiwgImxrIjogIiIsICJ2MSI6ICIxIiwgInUxIjogIuqwnCIsICJwdiI6ICIxIiwgInB1IjogIuqwnCIsICJwbSI6ICIyMjgwIiwgIm91IjogIjMxIn0sIHsiZ3UiOiAi6rWs7ISx7ZKIIiwgIm5tIjogIuyVoO2YuOuwlSIsICJiYSI6ICIxMDBnIiwgImxrIjogIiIsICJ2MSI6ICIxMDAiLCAidTEiOiAiZyIsICJwdiI6ICIzMDAiLCAicHUiOiAiZyIsICJwbSI6ICIzNTQwIiwgIm91IjogIjExIn0sIHsiZ3UiOiAi6rWs7ISx7ZKIIiwgIm5tIjogIuyyreyWkeqzoOy2lCIsICJiYSI6ICIx6rCcIiwgImxrIjogIiIsICJ2MSI6ICIxIiwgInUxIjogIuqwnCIsICJwdiI6ICIxMCIsICJwdSI6ICLqsJwiLCAicG0iOiAiMjMyMCIsICJvdSI6ICIzIn0sIHsiZ3UiOiAi6rWs7ISx7ZKIIiwgIm5tIjogIuuMgO2MjCIsICJiYSI6ICIzMGciLCAibGsiOiAiIiwgInYxIjogIjMwIiwgInUxIjogImciLCAicHYiOiAiMTAwMCIsICJwdSI6ICJnIiwgInBtIjogIjMxNjAiLCAib3UiOiAiMSJ9LCB7Imd1IjogIuq1rOyEse2SiCIsICJubSI6ICLrg4nsnbQiLCAiYmEiOiAiNTBnIiwgImxrIjogIiIsICJ2MSI6ICI1MCIsICJ1MSI6ICJnIiwgInB2IjogIjE1MCIsICJwdSI6ICJnIiwgInBtIjogIjQ5ODAiLCAib3UiOiAiMTAifSwgeyJndSI6ICLshozsiqQiLCAibm0iOiAi65Cc7J6lIiwgImJhIjogIjPtgbDsiKAiLCAibGsiOiAiIiwgInYxIjogIjYwIiwgInUxIjogImciLCAicHYiOiAiNTAwIiwgInB1IjogImciLCAicG0iOiAiMzU3MCIsICJvdSI6ICI0In0sIHsiZ3UiOiAi7IaM7IqkIiwgIm5tIjogIuqzoOy2lOyepSIsICJiYSI6ICIx7YGw7IigIiwgImxrIjogIiIsICJ2MSI6ICIyMCIsICJ1MSI6ICJnIiwgInB2IjogIjUwMCIsICJwdSI6ICJnIiwgInBtIjogIjM4MzAiLCAib3UiOiAiMS41In0sIHsiZ3UiOiAi7IaM7IqkIiwgIm5tIjogIuqzoOy2p+qwgOujqCIsICJiYSI6ICIx7YGw7IigIiwgImxrIjogIiIsICJ2MSI6ICI2IiwgInUxIjogImciLCAicHYiOiAiMjAwIiwgInB1IjogImciLCAicG0iOiAiMTU0MDAiLCAib3UiOiAiMSJ9LCB7Imd1IjogIuyGjOyKpCIsICJubSI6ICLrp5vsiKAiLCAiYmEiOiAiMe2BsOyIoCIsICJsayI6ICIiLCAidjEiOiAiMTUiLCAidTEiOiAiZyIsICJwdiI6ICI4MzAiLCAicHUiOiAibWwiLCAicG0iOiAiMjk4MCIsICJvdSI6ICIxIn0sIHsiZ3UiOiAi7IaM7IqkIiwgIm5tIjogIuuniOuKmCIsICJiYSI6ICIxLjXtgbDsiKAiLCAibGsiOiAiIiwgInYxIjogIjE2IiwgInUxIjogImciLCAicHYiOiAiNTUwIiwgInB1IjogImciLCAicG0iOiAiMTM5ODAiLCAib3UiOiAiMSJ9XSwgImNvbnRlbnQiOiB7ImNfdGl0bGUyIjogIuu0hO2Wpeq4sCDqsIDrk50sIOyLnOybkO2VmOqzoCDquYrsnYAg66eb7J2YICfrg4nsnbQg6r2D6rKM7YOVJyIsICJjX3RlYWNoZXIiOiAi6rmA7J2A7JiBIn19
A3: GS-2607 | B3: 제철 복숭아로 만드는 복숭아청과 브리치즈 샐러드 | C3: 복숭아청은 숙성하고, 복숭아조림은 샐러드로 바로 즐기는 7월 제철 과일 클래스 | D3: 1. 7월 제철 복숭아의 특징과 복숭아청·복숭아조림의 차이를 알아봅니다. 2. 유리병을 안전하게 소독하고, 복숭아청을 담그는 방법을 배웁니다. 3. 복숭아와 설탕을 활용해 숙성용 복숭아청을 완성합니다. 4. 복숭아를 시럽에 가볍게 조려 바로 활용 가능한 복숭아조림을 만듭니다. 5. 로메인, 와일드 루꼴라, 브리치즈, 드레싱을 활용해 복숭아 브리치즈 샐러드를 완성합니다. [강의를 듣고 나면] 1. 제철 복숭아를 활용해 가정에서 복숭아청과 복숭아조림을 만들 수 있습니다. 2. 과일청과 과일조림의 차이를 이해하고, 각각의 보관법과 활용법을 익힐 수 있습니다. 3. 브리치즈와 제철 과일을 활용한 간단하면서도 근사한 샐러드를 완성할 수 있습니다. 4. 복숭아청을 숙성 후 음료, 디저트, 홈카페 메뉴로 응용할 수 있습니다. | E3: 성인 | F3: 선발 | G3: 약 1시간 30분 | H3: [수제청 만들기] - 제철 복숭아 - 설탕 - 수제청용 유리병 [복숭아 조림 & 브리치즈 샐러드] - 복숭아 (조림용) - 프렌치 미니 브리치즈 - 와일드 루꼴라, 로메인 등 신선 샐러드 채소 - 시그니처 드레싱, 보조 양념(레몬즙 등) ※ 본 키트는 제철 식재료로 구성되어 일부 품목이 시즌 및 산지 상황에 따라 동일·유사 등급의 상품으로 변동될 수 있습니다. | I3: - 냄비 (유리병 열탕 소독과 복숭아조림때) - 도마, 칼, 계량컵 또는 종이컵 - 볼 1~2개 (복숭아손질), 주걱 또는 숟가락, 집게, 샐러드 접시 - 키친타월, 앞치마 - 가열 가능한 조리 환경 (가스레인지 또는 인덕션) | J3: 이영미 전문가 | K3: #복숭아수제청 #복숭아조림 #브리치즈샐러드 #여름디저트 #여름홈쿠킹 | L3: 키트 배송 시 신선식품이 있어 새벽배송 가능 지역으로 발송됩니다. 선발 후 주소 기입 시 공동현관 비밀번호도 작성해 주시면 좋습니다. | M3: 본 수업은 성인 대상 수업입니다. (칼 사용, 유리병 소독, 가열 조리 포함) 재료는 신선 식재료이므로 수령 후 냉장 보관해 주세요. [GSEEK 화상학습 참여] 로그인 > 마이페이지 > 화상학습현황 > 학습중 > 해당 강좌 확인 후 "입장" 버튼 학습 시작 2~3일 전 화상학습 참여방법을 문자로 안내드립니다. [기타 안내] 복숭아는 수업 전 깨끗하게 세척해 준비해주세요. 유리병 소독 시 뜨거운 물을 사용하므로 화상에 주의해주세요. 복숭아청은 수업 당일 바로 먹는 메뉴가 아니라, 담근 뒤 숙성해 즐기는 결과물입니다. 복숭아청은 수업 후 하루 정도 실온에 두었다가 설탕이 녹으면 냉장 보관합니다. 복숭아조림은 수업 중 바로 완성해 브리치즈 샐러드에 활용합니다. 복숭아 또는 유제품 알레르기가 있는 경우 참여 전 확인이 필요합니다. | P3: [수제청] 천도복숭아·설탕·유리병500ml [조림&샐러드] 천도복숭아·로메인·와일드루꼴라·브리치즈 [소스] 식초·설탕·홀그레인머스타드·올리브오일·레몬즙 ※ 양파다짐 별도(소량) 재료비 합계(1인) 10,041원 (엑셀 7/24 이영미 기준·검산완료) | R3: QDATA:eyJtb2RlIjogIm9ubGluZSIsICJ2YXQiOiAiaW5jbCIsICJtdHlwZSI6ICJBIiwgInRpdGxlIjogIuygnOyyoCDrs7XsiK3slYTroZwg66eM65Oc64qUIOuzteyIreyVhOyyreqzvCDruIzrpqzsuZjspogg7IOQ65+s65OcIiwgIm9yZGVyZXIiOiAi6rK96riw64+E7KeA7IudIiwgInByaWNlIjogIjUwMDAwIiwgInBheCI6ICIzMSIsICJwYWNrIjogIjUwMDAiLCAic2hpcCI6ICI1MDAwIiwgInRlYWNoIjogIjEwMDAwIiwgImZlZVJhdGUiOiAiMjAiLCAicm93cyI6IFt7Imd1IjogIuq1rOyEse2SiCIsICJubSI6ICLsspzrj4Trs7XsiK3slYQo7IiY7KCc7LKtKSIsICJiYSI6ICI1MDBnIiwgImxrIjogImh0dHBzOi8vd3d3LmNvdXBhbmcuY29tL3ZwL3Byb2R1Y3RzLzU4MTU2MDUxNTk/aXRlbUlkPTE5MjMzNDIzMTQwJnZlbmRvckl0ZW1JZD04NjM0OTg4NjA4NCIsICJ2MSI6ICI1MDAiLCAidTEiOiAiZyIsICJwdiI6ICI0MDAwIiwgInB1IjogImciLCAicG0iOiAiMjMxNjAiLCAib3UiOiAiNCJ9LCB7Imd1IjogIuq1rOyEse2SiCIsICJubSI6ICLshKTtg5Uo7IiY7KCc7LKtKSIsICJiYSI6ICIzMDBnIiwgImxrIjogImh0dHBzOi8vd3d3LmNvdXBhbmcuY29tL3ZwL3Byb2R1Y3RzLzk0OTg5NDg3ODk/aXRlbUlkPTI4Mjk3MjI4NTAxJnZlbmRvckl0ZW1JZD05NTI1MDA0MDcwOCIsICJ2MSI6ICIzMDAiLCAidTEiOiAiZyIsICJwdiI6ICIxMDAwIiwgInB1IjogImciLCAicG0iOiAiMzM2MCIsICJvdSI6ICIxMiJ9LCB7Imd1IjogIuq1rOyEse2SiCIsICJubSI6ICLsnKDrpqzrs5EgNTAwbWwiLCAiYmEiOiAiMeqwnCIsICJsayI6ICJodHRwczovL3d3dy5jb3VwYW5nLmNvbS92cC9wcm9kdWN0cy83NTc1MjkxMDIxP2l0ZW1JZD0yODA2ODQ1ODUxMiZ2ZW5kb3JJdGVtSWQ9OTUwMjUxMDAxMDAiLCAidjEiOiAiMSIsICJ1MSI6ICLqsJwiLCAicHYiOiAiMTUiLCAicHUiOiAi6rCcIiwgInBtIjogIjE0NzAwIiwgIm91IjogIjIifSwgeyJndSI6ICLqtazshLHtkogiLCAibm0iOiAi7LKc64+E67O17Iit7JWEKOyhsOumvCkiLCAiYmEiOiAiMTAwZyIsICJsayI6ICJodHRwczovL3d3dy5jb3VwYW5nLmNvbS92cC9wcm9kdWN0cy81ODE1NjA1MTU5P2l0ZW1JZD0xOTIzMzQyMzE0MCZ2ZW5kb3JJdGVtSWQ9ODYzNDk4ODYwODQiLCAidjEiOiAiMTAwIiwgInUxIjogImciLCAicHYiOiAiNDAwMCIsICJwdSI6ICJnIiwgInBtIjogIjIzMTYwIiwgIm91IjogIjEifSwgeyJndSI6ICLqtazshLHtkogiLCAibm0iOiAi66Gc66mU7J24IiwgImJhIjogIjPsno4oNTBnKSIsICJsayI6ICJodHRwczovL3d3dy5jb3VwYW5nLmNvbS92cC9wcm9kdWN0cy82Nzg5NjE3NDI4P2l0ZW1JZD0xNTk5MzMwNzM0OCZ2ZW5kb3JJdGVtSWQ9ODMxOTg3MDQ4MDAiLCAidjEiOiAiNTAiLCAidTEiOiAiZyIsICJwdiI6ICIyMDAiLCAicHUiOiAiZyIsICJwbSI6ICIzNDgwIiwgIm91IjogIjgifSwgeyJndSI6ICLqtazshLHtkogiLCAibm0iOiAi7JmA7J2865OcIOujqOq8tOudvCIsICJiYSI6ICIzMGciLCAibGsiOiAiaHR0cHM6Ly93d3cuY291cGFuZy5jb20vdnAvcHJvZHVjdHMvNjMwODU5Nzg4Mj9pdGVtSWQ9MjQ1MTU2MjM4NjgmdmVuZG9ySXRlbUlkPTkxNTI4NDYzOTU5IiwgInYxIjogIjMwIiwgInUxIjogImciLCAicHYiOiAiMTAwIiwgInB1IjogImciLCAicG0iOiAiMzIyMCIsICJvdSI6ICIxMCJ9LCB7Imd1IjogIuq1rOyEse2SiCIsICJubSI6ICLruIzrpqzsuZjspogiLCAiYmEiOiAiMjVnIiwgImxrIjogImh0dHBzOi8vd3d3LmNvdXBhbmcuY29tL3ZwL3Byb2R1Y3RzLzYzNjgyMDU3NzI/aXRlbUlkPTI0MzUzMjI4NzY4JnZlbmRvckl0ZW1JZD05MTMzODM5NTM4NyIsICJ2MSI6ICIyNSIsICJ1MSI6ICJnIiwgInB2IjogIjUwMCIsICJwdSI6ICJnIiwgInBtIjogIjMyNzUwIiwgIm91IjogIjIifSwgeyJndSI6ICLshozsiqQiLCAibm0iOiAi7Iud7LSIIiwgImJhIjogIjFUIiwgImxrIjogImh0dHBzOi8vd3d3LmNvdXBhbmcuY29tL3ZwL3Byb2R1Y3RzLzcwMzgzNzQ2MjY/aXRlbUlkPTE3Mzk3NTIyNjU0JnZlbmRvckl0ZW1JZD04NDU2Njk4MDgyOSIsICJ2MSI6ICIxNSIsICJ1MSI6ICJnIiwgInB2IjogIjkwMCIsICJwdSI6ICJtbCIsICJwbSI6ICIzMjgwIiwgIm91IjogIjEifSwgeyJndSI6ICLshozsiqQiLCAibm0iOiAi7ISk7YOVKOyGjOyKpCkiLCAiYmEiOiAiMVQiLCAibGsiOiAiaHR0cHM6Ly93d3cuY291cGFuZy5jb20vdnAvcHJvZHVjdHMvOTQ5ODk0ODc4OT9pdGVtSWQ9MjgyOTcyMjg1MDEmdmVuZG9ySXRlbUlkPTk1MjUwMDQwNzA4IiwgInYxIjogIjEzIiwgInUxIjogImciLCAicHYiOiAiNDAwIiwgInB1IjogImciLCAicG0iOiAiMTY4MCIsICJvdSI6ICI0In0sIHsiZ3UiOiAi7IaM7IqkIiwgIm5tIjogIu2ZgOq3uOugiOyduOuouOyKpO2DgOuTnCIsICJiYSI6ICIxLzJUIiwgImxrIjogImh0dHBzOi8vd3d3LmNvdXBhbmcuY29tL3ZwL3Byb2R1Y3RzLzY2NTkxODU4NjU/aXRlbUlkPTE1MjgxNTAyMTI5JnZlbmRvckl0ZW1JZD04MjUwMTk5MzIyMyIsICJ2MSI6ICI4IiwgInUxIjogImciLCAicHYiOiAiMjEwIiwgInB1IjogImciLCAicG0iOiAiNTc3MCIsICJvdSI6ICIxIn0sIHsiZ3UiOiAi7IaM7IqkIiwgIm5tIjogIuyYrOumrOu4jOyYpOydvCIsICJiYSI6ICIzVCIsICJsayI6ICJodHRwczovL3d3dy5jb3VwYW5nLmNvbS92cC9wcm9kdWN0cy82MjQ1OTM2Mz9pdGVtSWQ9MTMxMDU1NDIwNjUmdmVuZG9ySXRlbUlkPTkyMjIwMDA5NzcyIiwgInYxIjogIjQxIiwgInUxIjogImciLCAicHYiOiAiMTAwMCIsICJwdSI6ICJtbCIsICJwbSI6ICIxNzEwMCIsICJvdSI6ICIxIn0sIHsiZ3UiOiAi7IaM7IqkIiwgIm5tIjogIuugiOuqrOymmSIsICJiYSI6ICIxLzJUIiwgImxrIjogImh0dHBzOi8vd3d3LmNvdXBhbmcuY29tL3ZwL3Byb2R1Y3RzLzUzNzkxNjQ2MzM/aXRlbUlkPTE5MDM2NjU2MDEwJnZlbmRvckl0ZW1JZD05MzExODM1NjMyOCIsICJ2MSI6ICI4IiwgInUxIjogImciLCAicHYiOiAiMTAwMCIsICJwdSI6ICJnIiwgInBtIjogIjk0MTAiLCAib3UiOiAiMSJ9LCB7Imd1IjogIiIsICJubSI6ICLshKTtg5Uo7KGw66a8KSIsICJiYSI6ICLsv6DtjKEiLCAibGsiOiAiIiwgInYxIjogIjEwMCIsICJ1MSI6ICJnIiwgInB2IjogIjEwMDAiLCAicHUiOiAiZyIsICJwbSI6ICIzMzYwIiwgIm91IjogIjQifSwgeyJndSI6ICIiLCAibm0iOiAi66CI66qs7KaZKOyhsOumvCkiLCAiYmEiOiAi7L+g7YyhIiwgImxrIjogIiIsICJ2MSI6ICIzMCIsICJ1MSI6ICJnIiwgInB2IjogIjEwMDAiLCAicHUiOiAiZyIsICJwbSI6ICI2OTgwIiwgIm91IjogIjEifV0sICJjb250ZW50IjogeyJjX3RpdGxlMiI6ICLsoJzssqAg67O17Iit7JWE66GcIOunjOuTnOuKlCDrs7XsiK3slYTssq3qs7wg67iM66as7LmY7KaIIOyDkOufrOuTnCIsICJjX3RlYWNoZXIiOiAi7J207JiB66+4In19

Sheet 수강생
A1: 회차ID | B1: NO | C1: 이름 | D1: 연락처 | E1: 우편번호 | F1: 배송주소 | G1: 배송장소 | H1: 출입방법 | I1: 출입방법상세 | J1: 송장번호 | K1: 비고

Sheet 발주
A1: 회차ID | B1: 재료명 | C1: 보관 | D1: 발주처 | E1: 발주일 | F1: 입고예정 | G1: 주문완료 | H1: 입고완료 | I1: 주문량 | J1: 실제금액 | K1: 재고사용 | L1: 비고
A2: ※ 재료명은 회차 QDATA의 재료명과 정확히 일치해야 발주표에 연결됩니다
A3: GS-2607 | B3: 브리치즈 | C3: 냉장 | D3: 쿠팡 | E3: 2026-07-16 | F3: 2026-07-21 | G3: 완료 | H3: 완료 | I3: 875 | J3: 57650 | L3: 1차 7/16 코스트코미니브리 250g×2세트=500g/32,750원(배송비포함) + 2차 7/21 코스트코미니브리 375g×1봉=375g/24,900원(배송비0) = 총 875g/57,650원 · 필요775g 충족(여유100g) · 구매시점 적합상품 선택
A4: GS-2607 | B4: 천도복숭아(수제청) | C4: 냉장 | D4: 쿠팡 | E4: 2026-07-20~21 | F4: 2026-07-22 | G4: 완료 | I4: 20000 | J4: 120858
A5: GS-2607 | B5: 천도복숭아(조림) | C5: 냉장 | D5: 쿠팡 | E5: 2026-07-20~21 | F5: 2026-07-22 | G5: 완료 | I5: 4000 | J5: 24172
A6: GS-2607 | B6: 설탕(수제청) | C6: 실온 | D6: 쿠팡 | E6: 2026-07-20~21 | F6: 2026-07-22 | G6: 완료 | I6: 10000 | J6: 22500
A7: GS-2607 | B7: 설탕(소스) | C7: 실온 | K7: 재고
A8: GS-2607 | B8: 유리병 500ml | C8: 실온 | D8: 쿠팡 | E8: 2026-07-20~21 | F8: 2026-07-22 | G8: 완료 | I8: 36 | J8: 36300
A9: GS-2607 | B9: 올리브오일 | C9: 실온 | D9: 쿠팡 | E9: 2026-07-20~21 | F9: 2026-07-22 | G9: 완료 | I9: 2000 | J9: 29940
A10: GS-2607 | B10: 홀그레인머스타드 | C10: 냉장 | D10: 쿠팡 | E10: 2026-07-20~21 | F10: 2026-07-22 | G10: 완료 | I10: 420 | J10: 11540
A11: GS-2607 | B11: 레몬즙 | C11: 실온 | D11: 쿠팡 | E11: 2026-07-20 | F11: 2026-07-21 | G11: 완료 | I11: 1000 | J11: 6000
A12: GS-2607 | B12: 로메인 | C12: 냉장 | D12: 쿠팡 | E12: 2026-07-21 | F12: 2026-07-22 | G12: 완료 | I12: 1600 | J12: 28760
A13: GS-2607 | B13: 와일드 루꼴라 | C13: 냉장 | D13: 쿠팡 | E13: 2026-07-21 | F13: 2026-07-22 | G13: 완료 | I13: 1000 | J13: 31610
A14: GS-2607 | B14: 식초 | C14: 실온 | D14: 쿠팡 | E14: 2026-07-21 | F14: 2026-07-22 | G14: 완료 | I14: 900 | J14: 3280
A15: GS-2607 | B15: 설탕(조림) | C15: 실온 | K15: 재고
A16: GS-2607 | B16: 레몬즙(조림) | C16: 실온 | D16: 쿠팡 | E16: 2026-07-21 | F16: 2026-07-22 | G16: 완료 | I16: 1000 | J16: 6980
